{"PromptID":{"0":98,"1":95,"2":92,"3":91,"4":90,"5":94,"6":99,"7":97,"8":96,"9":93,"10":2,"11":3,"12":4,"13":5,"14":6,"15":7,"16":8,"17":9,"18":10,"19":11,"20":12,"21":13,"22":14,"23":15,"24":16,"25":20,"26":21,"27":22,"28":23,"29":24,"30":25,"31":26,"32":27,"33":28,"34":29,"35":30,"36":31,"37":33,"38":34,"39":35,"40":36,"41":37,"42":38,"43":39,"44":40,"45":41,"46":42,"47":43,"48":44,"49":45,"50":46,"51":47,"52":48,"53":49,"54":50,"55":51,"56":52,"57":53,"58":54,"59":55,"60":56,"61":57,"62":58,"63":59,"64":60,"65":61,"66":62,"67":63,"68":64,"69":65,"70":66,"71":67,"72":68,"73":69,"74":70,"75":71,"76":72,"77":73,"78":74,"79":75,"80":76,"81":77,"82":78,"83":79,"84":80,"85":81,"86":82,"87":83,"88":84,"89":85,"90":86,"91":87,"92":88,"93":89},"PMCID":{"0":2858204,"1":2944158,"2":2944158,"3":2944158,"4":2944158,"5":2944158,"6":2871176,"7":2858204,"8":2858204,"9":2944158,"10":3298351,"11":3298351,"12":3298351,"13":3298351,"14":3298351,"15":3298351,"16":3298351,"17":3298351,"18":3298351,"19":2366143,"20":2366143,"21":2366143,"22":2366143,"23":2366143,"24":2366143,"25":3233526,"26":3233526,"27":3233526,"28":3233526,"29":3233526,"30":3233526,"31":3233526,"32":3233526,"33":3233526,"34":3233526,"35":3233526,"36":3233526,"37":3233526,"38":3233526,"39":3233526,"40":3233526,"41":3233526,"42":2674549,"43":2674549,"44":2674549,"45":2674549,"46":2674549,"47":2674549,"48":2674549,"49":2674549,"50":2674549,"51":524504,"52":524504,"53":524504,"54":524504,"55":524504,"56":524504,"57":524504,"58":524504,"59":524504,"60":524504,"61":524504,"62":524504,"63":524504,"64":524504,"65":524504,"66":1764008,"67":1764008,"68":1764008,"69":1764008,"70":1764008,"71":1764008,"72":1764008,"73":1764008,"74":1764008,"75":1764008,"76":1764008,"77":1764008,"78":3281242,"79":3281242,"80":3281242,"81":3281242,"82":2875419,"83":2875419,"84":2875419,"85":2875419,"86":2875419,"87":2875419,"88":2875419,"89":2944158,"90":2944158,"91":2944158,"92":2944158,"93":2944158},"Outcome":{"0":"downsizing of ucler area 2 weeks after treatment","1":"IVD dwell times","2":"phlebitis","3":"IVD complications per person","4":"cost per patient","5":"occlusion","6":"HbA1c level at 26 weeks","7":"hypoglycemia occuring after treatment","8":"frequency of healed index ucler after 1 year","9":"infiltration","10":"venous ulcer healing","11":"venous ulcer healing","12":"venous ulcer healing","13":"CEAP scores","14":"CEAP scores","15":"CEAP scores","16":"venous ulcer healing","17":"faster healing dynamics","18":"higher percentage of healed area","19":"interval to delivery","20":"birth weight","21":"neonatal outcomes","22":"infection","23":"gestational age","24":"frequency of contractions","25":"pregnancy","26":"pregnancy","27":"birth outcome","28":"birth outcome","29":"birth outcome","30":"side effects","31":"side effects","32":"side effects","33":"hemoglobin levels at week 28","34":"hemoglobin levels at week 28","35":"hemoglobin levels at week 28","36":"hemoglobin levels at week 38","37":"ferritin levels at week 28","38":"ferritin levels at week 28","39":"ferritin levels at week 38","40":"ferritin levels at week 38","41":"ferritin levels at week 38","42":"symptoms of RA","43":"physical function","44":"ACR20 ","45":"Median HAQ-DI score","46":"HAQ-DI score","47":"HAQ-DI score","48":"serious adverse events","49":"serious adverse events","50":"serious adverse events","51":"induction-delivery interval","52":"number of women who deliver within 12 hours","53":"number of women who deliver within 24 hours","54":"spontaneous rupture of membranes","55":"administration of oxytocin augmentation","56":"Caesarean section rate","57":"abnormal fetal heart rate","58":"uterine tachysystole","59":"Uterine Hyperstimulation","60":"Meconium stained AF","61":"perinatal death","62":"Neonatal resuscitation","63":"Core blood pH","64":"Hyperbilirubinemia","65":"Birth trauma","66":"rates of vacuum-assisted delivery rate","67":"c-section","68":"duration of labor stages","69":"oxytocin augmentation","70":"preanalgesic visual analog pain","71":"pain levels during first stage labor","72":"pain levels during second stage labor","73":"hypotension","74":"nausea and vomiting","75":"obstetric outcome","76":"obstetric intervention","77":"neonatal outcome","78":"continuous abstienence at week 12","79":"continuous abstienence at 24 week follow up","80":"frequency of quit events by day 35","81":"time to make first quit attempt","82":"improved A1C","83":"number of patients with A1C <7%","84":"number of patients with A1C <6.5%","85":"Hypoglycemia","86":"Weight Gain","87":"frequency of insulin doses","88":"drop-out rate","89":"IVD comlication rates","90":"time until first complication","91":"infections","92":"therapy duration","93":"frequency of replacements"},"Intervention":{"0":"HBOT ","1":"staff inclination replacement","2":"routine replacement","3":"routine replacement","4":"routine replacement","5":"routine replacement","6":"Liraglutide (1.2 mg) plus glimepiride","7":"HBOT ","8":"HBOT ","9":"routine replacement","10":"four-layer bandage","11":"compression therapy","12":"four-layer bandage","13":"four-layer bandage","14":"four-layer bandage","15":"two-layer bandage","16":"ProGuide system","17":"layer compression","18":"layer compression","19":"tocolysis","20":"tocolysis","21":"tocolysis","22":"antibiotic therapy","23":"antibiotic therapy","24":"antibiotic therapy","25":"weekly supplements of two iron tablets","26":"daily single iron tablets","27":"twice weekly single iron tablet","28":"weekly supplements of two iron tablets","29":"daily single iron tablets","30":"weekly supplements of two iron tablets","31":"daily single iron tablets","32":"twice weekly single iron tablet","33":"weekly supplements of two iron tablets","34":"daily single iron tablets","35":"twice weekly single iron tablet","36":"weekly supplements of two iron tablets","37":"daily single iron tablets","38":"daily single iron tablets","39":"weekly supplements of two iron tablets","40":"weekly supplements of two iron tablets","41":"daily single iron tablets","42":"golimumab and methotrexate","43":"golimumab and methotrexate","44":"placebo and methotrexate","45":"placebo and methotrexate","46":"50mg of Golimumab and methotrexate","47":"100mg of Golimumab and methotrexate","48":"100mg of Golimumab and methotrexate","49":"100mg of Golimumab and methotrexate","50":"100mg of Golimumab and methotrexate","51":"misoprostol","52":"misoprostol","53":"misoprostol","54":"misoprostol","55":"misoprostol","56":"dinoprostone","57":"dinoprostone","58":"misoprostol","59":"misoprostol","60":"dinoprostone","61":"dinoprostone","62":"dinoprostone","63":"dinoprostone","64":"dinoprostone","65":"dinoprostone","66":"Meperidine analgesia","67":"Meperidine analgesia","68":"Meperidine analgesia","69":"Meperidine analgesia","70":"Meperidine analgesia","71":"epidural analgesia","72":"epidural analgesia","73":"epidural analgesia","74":"Meperidine analgesia","75":"Meperidine analgesia","76":"Meperidine analgesia","77":"Meperidine analgesia","78":"varenicline","79":"varenicline","80":"varenicline","81":"varenicline","82":"detemir","83":"detemir","84":"detemir","85":"detemir","86":"glargine","87":"glargine","88":"detemir","89":"routine replacement","90":"routine replacement","91":"routine replacement","92":"routine replacement","93":"routine replacement"},"Comparator":{"0":"placebo","1":"routine replacement","2":"staff inclination replacement","3":"staff inclination replacement","4":"staff inclination replacement","5":"staff inclination replacement","6":"Placebo plus glimepiride","7":"placebo","8":"placebo","9":"staff inclination replacement","10":"compression stocking","11":"no treatment","12":"two-layer bandage","13":"two-layer bandage","14":"compression stocking","15":"compression stocking","16":"Profore compression","17":"Compression stocking","18":"Compression stocking","19":"antibiotic therapy and tocolysis","20":"antibiotic therapy and tocolysis","21":"antibiotic therapy and tocolysis","22":"placebo","23":"placebo","24":"placebo","25":"daily single iron tablets","26":"twice weekly single iron tablet","27":"weekly supplements of two iron tablets","28":"daily single iron tablets","29":"twice weekly single iron tablet","30":"no treatment","31":"no treatment","32":"no treatment","33":"no treatment","34":"no treatment","35":"no treatment","36":"twice weekly single iron tablet","37":"weekly supplements of two iron tablets","38":"twice weekly single iron tablet","39":"twice weekly single iron tablet","40":"daily single iron tablets","41":"twice weekly single iron tablet","42":"methotrexate","43":"methotrexate","44":"Golimumab 100 mg and placebo","45":"Golimumab 100 mg and placebo","46":"placebo and methotrexate","47":"placebo and methotrexate","48":"placebo and methotrexate","49":"Golimumab 100 mg and placebo","50":"50mg of Golimumab and methotrexate","51":"dinoprostone","52":"dinoprostone","53":"dinoprostone","54":"dinoprostone","55":"dinoprostone","56":"misoprostol","57":"misoprostol","58":"dinoprostone","59":"dinoprostone","60":"misoprostol","61":"misoprostol","62":"misoprostol","63":"misoprostol","64":"misoprostol","65":"misoprostol","66":"epidural analgesia","67":"epidural analgesia","68":"epidural analgesia","69":"epidural analgesia","70":"epidural analgesia","71":"Meperidine analgesia","72":"Meperidine analgesia","73":"Meperidine analgesia","74":"epidural analgesia","75":"epidural analgesia","76":"epidural analgesia","77":"epidural analgesia","78":"placebo","79":"placebo","80":"placebo","81":"placebo","82":"glargine","83":"glargine","84":"glargine","85":"glargine","86":"detemir","87":"detemir","88":"glargine","89":"staff inclination replacement","90":"staff inclination replacement","91":"staff inclination replacement","92":"staff inclination replacement","93":"staff inclination replacement"}}